{"train loss": 4.163732051849365, "lr": 0.000288, "epoch": 1, "_timestamp": 1712930312.5493731, "_runtime": 57.98670220375061, "_step": 174, "_wandb": {"runtime": 58}}